Source IP,Destination IP,Port:Protocol:Service,Duration
97.113.95.12,192.168.23.89,53718:tcp:- 53716:tcp:- 44496:tcp:- 44494:tcp:- 44498:tcp:-,367302
192.168.23.89,97.113.95.12,48984:tcp:- 47468:tcp:- 51152:tcp:- 49894:tcp:- 37530:tcp:-,148167
192.168.23.89,61.177.173.32,3:icmp:-,76807.6
192.168.23.89,122.194.229.37,3:icmp:-,61129.7
192.168.23.89,212.70.149.71,3:icmp:-,7123.61
192.168.23.89,49.235.37.144,3:icmp:-,3567.99
192.168.23.89,106.124.131.214,3:icmp:-,3300.39
192.168.23.89,123.139.156.3,3:icmp:-,3277
192.168.23.89,129.204.254.71,3:icmp:-,3160.45
192.168.23.89,27.72.61.209,3:icmp:-,2701.92
192.168.23.89,103.54.219.106,3:icmp:-,2701.87
192.168.23.89,123.201.166.89,3:icmp:-,2687.91
192.168.23.89,196.27.105.116,3:icmp:-,2684.26
192.168.23.89,112.26.44.112,3:icmp:-,2538.54
192.168.23.89,82.64.150.50,3:icmp:-,2227.46
192.168.23.89,24.92.187.245,3:icmp:-,2213.62
192.168.23.89,103.124.94.169,3:icmp:-,2045.9
192.168.23.89,68.183.229.218,3:icmp:-,2029.64
192.168.23.89,106.53.115.29,3:icmp:-,1825.3
192.168.23.89,132.148.165.94,3:icmp:-,1552.78
192.168.23.89,73.189.183.167,3:icmp:-,1530.31
192.168.23.89,182.61.52.98,3:icmp:-,1430.56
192.168.23.89,103.10.87.54,3:icmp:-,1344.77
192.168.23.89,31.210.20.24,3:icmp:-,1281.82
192.168.23.89,62.234.146.45,3:icmp:-,1243.38
192.168.23.89,119.187.147.110,3:icmp:-,1089.67
192.168.23.89,113.31.144.153,3:icmp:-,857.057
192.168.23.89,202.153.37.194,3:icmp:-,808.067
192.168.23.89,199.195.251.205,3:icmp:-,653.456
65.254.18.118,192.168.23.89,25:tcp:- 25:tcp:smtp,596.079
192.168.23.89,144.7.116.1,3:icmp:-,517.607
192.168.23.89,103.231.46.66,3:icmp:-,459.862
192.168.23.89,203.176.78.120,3:icmp:-,404.299
45.61.142.134,192.168.23.89,53:udp:dns,400.332
51.36.222.139,192.168.23.89,53:udp:dns,400.318
94.154.1.103,192.168.23.89,22:tcp:- 53:udp:dns,400.305
51.39.226.137,192.168.23.89,53:udp:dns,400.26
188.52.9.194,192.168.23.89,53:udp:dns,400.256
93.158.236.31,192.168.23.89,53:udp:dns 22:tcp:-,400.229
217.136.129.117,192.168.23.89,53:udp:dns,400.193
192.168.23.89,165.232.136.87,3:icmp:-,340.347
42.192.234.75,192.168.23.89,22:tcp:ssh 22:tcp:-,311.136
3.87.244.24,192.168.23.89,53:udp:dns,300.421
54.172.236.79,192.168.23.89,53:udp:dns,300.21
34.239.43.216,192.168.23.89,53:udp:dns,300.123
34.203.210.227,192.168.23.89,53:udp:dns,300.057
54.149.159.151,192.168.23.89,53:udp:dns,299.992
92.118.160.57,192.168.23.89,80:tcp:- 80:tcp:http 443:tcp:ssl 443:tcp:-,286.907
192.168.23.89,49.232.39.21,3:icmp:-,268.945
192.168.23.89,49.233.77.12,3:icmp:-,258.82
192.168.23.89,42.192.23.115,3:icmp:-,257.055
192.168.23.89,159.75.113.136,3:icmp:-,249.931
192.168.23.89,81.70.155.151,3:icmp:-,249.432
192.168.23.89,121.4.138.185,3:icmp:-,247.912
192.168.23.89,119.28.83.164,3:icmp:-,237.145
192.168.23.89,42.192.234.75,3:icmp:-,236.981
192.168.23.89,81.70.96.13,3:icmp:-,236.669
192.168.23.89,120.133.136.75,3:icmp:-,234.79
192.168.23.89,111.231.54.33,3:icmp:-,233.799
192.168.23.89,23.129.64.220,3:icmp:-,227.79
192.168.23.89,111.231.108.204,3:icmp:-,227.237
192.168.23.89,120.202.21.189,3:icmp:-,225.629
192.168.23.89,111.132.7.174,3:icmp:-,223.96
192.168.23.89,81.68.217.130,3:icmp:-,223.547
70.37.109.31,192.168.23.89,80:tcp:- 443:tcp:ssl 80:tcp:http,223.389
192.168.23.89,94.142.241.194,3:icmp:-,222.489
192.168.23.89,81.68.216.53,3:icmp:-,221.628
192.168.23.89,217.170.206.138,3:icmp:-,221.393
192.168.23.89,217.170.206.146,3:icmp:-,221.393
192.168.23.89,23.129.64.226,3:icmp:-,220.528
192.168.23.89,23.129.64.227,3:icmp:-,220.118
192.168.23.89,59.148.18.42,3:icmp:-,219.459
192.168.23.89,123.58.216.197,3:icmp:-,219.362
192.168.23.89,144.91.70.164,3:icmp:-,217.911
192.168.23.89,141.98.80.85,3:icmp:-,217.236
192.168.23.89,51.38.162.232,3:icmp:-,216.621
192.168.23.89,119.45.177.140,3:icmp:-,216.406
192.168.23.89,81.161.63.251,3:icmp:-,216.239
192.168.23.89,175.24.185.31,3:icmp:-,216.128
129.211.119.202,192.168.23.89,22:tcp:- 22:tcp:ssh,215.427
192.168.23.89,213.32.93.192,3:icmp:-,215.346
192.168.23.89,185.42.170.203,3:icmp:-,214.535
192.168.23.89,150.158.113.106,3:icmp:-,212.828
192.168.23.89,112.245.59.63,3:icmp:-,211.244
192.168.23.89,114.67.103.151,3:icmp:-,211.244
192.168.23.89,192.42.116.27,3:icmp:-,211.051
192.168.23.89,49.235.29.185,3:icmp:-,210.4
192.168.23.89,154.92.15.24,3:icmp:-,210.121
192.168.23.89,106.52.88.211,3:icmp:-,209.984
192.168.23.89,154.92.15.232,3:icmp:-,208.548
192.168.23.89,101.33.123.67,3:icmp:-,208.063
192.168.23.89,101.33.118.38,3:icmp:-,207.573
192.168.23.89,23.129.64.213,3:icmp:-,207.321
192.168.23.89,103.215.230.71,3:icmp:-,207.02
192.168.23.89,23.129.64.235,3:icmp:-,204.761
192.168.23.89,163.139.169.79,3:icmp:-,204.071
192.168.23.89,49.233.189.73,3:icmp:-,201.657
192.168.23.89,202.28.194.163,3:icmp:-,201.303
192.168.23.89,103.235.170.162,3:icmp:-,200.357
37.231.179.15,192.168.23.89,53:udp:dns,199.963
192.168.23.89,51.68.71.178,3:icmp:-,199.86
192.168.23.89,148.70.129.112,3:icmp:-,198.393
192.168.23.89,159.75.43.3,3:icmp:-,196.26
192.168.23.89,181.129.14.218,3:icmp:-,195.694
192.168.23.89,185.220.103.4,3:icmp:-,194.468
192.168.23.89,175.24.81.207,3:icmp:-,194.174
149.109.138.40,192.168.23.89,53:udp:dns,193.664
192.168.23.89,185.220.103.5,3:icmp:-,192.977
192.168.23.89,134.122.103.69,3:icmp:-,192.859
192.168.23.89,142.93.249.103,3:icmp:-,192.084
192.168.23.89,106.58.175.97,3:icmp:-,190.782
192.168.23.89,209.127.17.234,3:icmp:-,189.791
192.168.23.89,161.35.63.176,3:icmp:-,188.762
94.23.253.21,192.168.23.89,443:tcp:- 80:tcp:- 443:tcp:ssl 80:tcp:http,188.535
192.168.23.89,113.53.238.195,3:icmp:-,188.51
192.168.23.89,152.136.101.207,3:icmp:-,187.429
192.168.23.89,42.192.152.72,3:icmp:-,186.704
192.168.23.89,49.248.84.138,3:icmp:-,186.348
192.168.23.89,211.95.27.50,3:icmp:-,186.121
192.168.23.89,119.39.54.6,3:icmp:-,182.05
51.79.165.210,192.168.23.89,53:udp:dns 22:tcp:-,181.77
192.168.23.89,153.126.187.46,3:icmp:-,181.365
192.168.23.89,1.229.255.120,3:icmp:-,181.364
192.168.23.89,104.211.77.169,3:icmp:-,181.353
192.168.23.89,187.75.209.161,3:icmp:-,181.056
192.168.23.89,124.160.96.249,3:icmp:-,179.969
192.168.23.89,2.82.166.137,3:icmp:-,179.935
192.168.23.89,23.129.64.230,3:icmp:-,179.585
192.168.23.89,180.166.117.254,3:icmp:-,178.965
192.168.23.89,178.254.180.178,3:icmp:-,178.855
192.168.23.89,121.48.165.2,3:icmp:-,178.739
161.35.63.176,192.168.23.89,22:tcp:ssh 22:tcp:-,178.251
192.168.23.89,117.50.64.208,3:icmp:-,177.66
192.168.23.89,49.85.85.113,3:icmp:-,177.3
192.168.23.89,185.165.168.229,3:icmp:-,177.233
192.168.23.89,103.130.214.77,3:icmp:-,177.044
192.168.23.89,159.75.23.31,3:icmp:-,176.889
192.168.23.89,52.178.155.67,3:icmp:-,176.841
192.168.23.89,4.17.231.194,3:icmp:-,176.704
192.168.23.89,4.17.231.204,3:icmp:-,176.51
192.168.23.89,189.1.163.101,3:icmp:-,176.001
192.168.23.89,166.111.152.230,3:icmp:-,175.985
192.168.23.89,134.209.32.178,3:icmp:-,175.968
192.168.23.89,122.202.32.70,3:icmp:-,175.911
192.168.23.89,45.231.12.37,3:icmp:-,175.382
192.168.23.89,120.92.210.203,3:icmp:-,175.376
192.168.23.89,148.70.31.188,3:icmp:-,175.28
192.168.23.89,218.39.130.113,3:icmp:-,175.274
192.168.23.89,123.18.206.15,3:icmp:-,175.06
192.168.23.89,134.209.107.228,3:icmp:-,174.989
192.168.23.89,106.12.172.184,3:icmp:-,174.786
192.168.23.89,42.193.116.130,3:icmp:-,174.626
192.168.23.89,185.220.101.211,3:icmp:-,174.35
192.168.23.89,200.106.236.140,3:icmp:-,174.33
192.168.23.89,106.75.214.198,3:icmp:-,174.223
192.168.23.89,180.180.123.227,3:icmp:-,174.219
192.168.23.89,23.129.64.216,3:icmp:-,174.055
192.168.23.89,117.102.82.42,3:icmp:-,173.772
192.168.23.89,185.220.101.194,3:icmp:-,173.718
192.168.23.89,51.91.111.73,3:icmp:-,173.672
192.168.23.89,1.220.185.149,3:icmp:-,173.607
192.168.23.89,200.24.80.13,3:icmp:-,173.584
192.168.23.89,81.68.253.19,3:icmp:-,173.509
192.168.23.89,186.101.233.58,3:icmp:-,173.336
192.168.23.89,49.234.18.158,3:icmp:-,173.26
192.168.23.89,101.89.213.84,3:icmp:-,173.103
192.168.23.89,195.206.105.217,3:icmp:-,172.928
192.168.23.89,139.155.127.59,3:icmp:-,172.877
192.168.23.89,139.186.69.17,3:icmp:-,172.872
192.168.23.89,118.98.96.184,3:icmp:-,172.852
192.168.23.89,104.248.181.156,3:icmp:-,172.813
192.168.23.89,206.189.160.233,3:icmp:-,172.754
192.168.23.89,190.143.137.114,3:icmp:-,172.707
192.168.23.89,185.220.102.253,3:icmp:-,172.514
192.168.23.89,223.197.186.7,3:icmp:-,172.509
192.168.23.89,81.68.242.64,3:icmp:-,172.344
192.168.23.89,120.48.22.116,3:icmp:-,172.342
192.168.23.89,185.220.101.215,3:icmp:-,172.227
192.168.23.89,187.85.5.189,3:icmp:-,172.203
192.168.23.89,185.220.101.15,3:icmp:-,172.137
192.168.23.89,167.114.185.237,3:icmp:-,172.071
192.168.23.89,185.220.101.205,3:icmp:-,171.951
192.168.23.89,185.220.102.248,3:icmp:-,171.843
192.168.23.89,140.238.14.170,3:icmp:-,171.482
192.168.23.89,165.227.132.96,3:icmp:-,171.291
192.168.23.89,185.220.101.203,3:icmp:-,171.089
192.168.23.89,68.183.115.108,3:icmp:-,170.972
192.168.23.89,178.128.208.128,3:icmp:-,170.923
192.168.23.89,103.27.236.10,3:icmp:-,170.853
192.168.23.89,193.34.8.49,3:icmp:-,170.808
192.168.23.89,5.253.25.44,3:icmp:-,170.755
192.168.23.89,125.5.215.20,3:icmp:-,170.735
192.168.23.89,188.166.185.157,3:icmp:-,170.683
192.168.23.89,63.237.228.123,3:icmp:-,170.56
192.168.23.89,120.70.98.132,3:icmp:-,170.483
192.168.23.89,202.69.36.45,3:icmp:-,170.441
192.168.23.89,110.43.49.112,3:icmp:-,170.38
192.168.23.89,185.220.102.7,3:icmp:-,170.37
192.168.23.89,103.233.0.121,3:icmp:-,170.072
192.168.23.89,205.185.125.54,3:icmp:-,169.879
192.168.23.89,188.166.246.158,3:icmp:-,169.754
192.168.23.89,185.220.102.246,3:icmp:-,169.748
192.168.23.89,182.52.90.164,3:icmp:-,169.705
192.168.23.89,119.29.174.91,3:icmp:-,169.611
192.168.23.89,125.5.180.84,3:icmp:-,169.571
192.168.23.89,139.59.79.207,3:icmp:-,169.482
192.168.23.89,195.206.107.147,3:icmp:-,169.369
192.168.23.89,112.217.225.59,3:icmp:-,169.29
192.168.23.89,106.13.139.79,3:icmp:-,169.287
192.168.23.89,101.78.9.237,3:icmp:-,169.27
192.168.23.89,180.76.105.165,3:icmp:-,169.082
192.168.23.89,157.7.233.185,3:icmp:-,169.038
192.168.23.89,154.85.45.72,3:icmp:-,169.025
192.168.23.89,138.68.58.124,3:icmp:-,168.851
192.168.23.89,101.255.81.91,3:icmp:-,168.681
192.168.23.89,4.17.231.206,3:icmp:-,168.527
192.168.23.89,185.220.102.6,3:icmp:-,168.521
192.168.23.89,45.119.126.59,3:icmp:-,168.437
192.168.23.89,221.224.53.20,3:icmp:-,168.295
192.168.23.89,107.175.33.240,3:icmp:-,168.293
192.168.23.89,149.129.220.95,3:icmp:-,168.26
192.168.23.89,211.218.192.149,3:icmp:-,168.226
192.168.23.89,185.34.33.2,3:icmp:-,168.178
91.178.56.252,192.168.23.89,53:udp:dns,167.774
192.168.23.89,171.103.105.62,3:icmp:-,167.772
192.168.23.89,119.45.5.55,3:icmp:-,167.671
192.168.23.89,139.199.4.191,3:icmp:-,167.434
192.168.23.89,181.48.120.220,3:icmp:-,167.323
192.168.23.89,134.209.98.180,3:icmp:-,167.289
192.168.23.89,121.4.41.100,3:icmp:-,167.286
192.168.23.89,5.253.24.30,3:icmp:-,167.108
192.168.23.89,106.12.200.176,3:icmp:-,167.061
192.168.23.89,122.51.229.116,3:icmp:-,166.883
192.168.23.89,152.136.114.118,3:icmp:-,166.777
192.168.23.89,159.65.64.76,3:icmp:-,166.611
192.168.23.89,123.127.244.100,3:icmp:-,166.372
192.168.23.89,201.111.5.182,3:icmp:-,166.322
192.168.23.89,103.89.176.74,3:icmp:-,166.266
192.168.23.89,81.70.23.139,3:icmp:-,166.199
192.168.23.89,211.219.18.186,3:icmp:-,166.186
192.168.23.89,58.33.160.139,3:icmp:-,166.164
192.168.23.89,117.131.199.237,3:icmp:-,166.128
192.168.23.89,206.81.23.203,3:icmp:-,165.81
192.168.23.89,52.146.46.244,3:icmp:-,165.664
192.168.23.89,190.85.94.106,3:icmp:-,165.482
192.168.23.89,64.213.148.44,3:icmp:-,165.232
192.168.23.89,43.230.11.225,3:icmp:-,165.052
42.193.116.130,192.168.23.89,22:tcp:- 22:tcp:ssh,164.81
192.168.23.89,203.195.207.85,3:icmp:-,164.805
192.168.23.89,35.220.253.166,3:icmp:-,164.658
192.168.23.89,167.71.230.67,3:icmp:-,164.65
192.168.23.89,111.47.18.22,3:icmp:-,164.623
192.168.23.89,27.129.128.206,3:icmp:-,164.281
192.168.23.89,2.196.193.181,3:icmp:-,164.276
192.168.23.89,150.66.5.62,3:icmp:-,164.222
192.168.23.89,58.211.203.122,3:icmp:-,164.217
192.168.23.89,142.44.160.40,3:icmp:-,164.195
192.168.23.89,121.4.70.7,3:icmp:-,164.152
192.168.23.89,188.166.250.201,3:icmp:-,164.088
192.168.23.89,151.81.198.113,3:icmp:-,163.906
192.168.23.89,190.210.182.179,3:icmp:-,163.847
192.168.23.89,51.161.10.20,3:icmp:-,163.795
192.168.23.89,195.29.102.42,3:icmp:-,163.785
192.168.23.89,119.45.156.93,3:icmp:-,163.747
192.168.23.89,68.116.41.6,3:icmp:-,163.62
192.168.23.89,46.245.222.203,3:icmp:-,163.583
192.168.23.89,187.188.240.7,3:icmp:-,163.374
192.168.23.89,152.136.229.99,3:icmp:-,163.234
192.168.23.89,42.193.110.250,3:icmp:-,163.23
192.168.23.89,157.131.240.195,3:icmp:-,163.114
192.168.23.89,139.59.68.61,3:icmp:-,163.056
192.168.23.89,91.176.33.231,3:icmp:-,162.913
192.168.23.89,185.47.65.30,3:icmp:-,162.885
192.168.23.89,188.166.251.27,3:icmp:-,162.755
192.168.23.89,106.12.215.238,3:icmp:-,162.162
192.168.23.89,208.113.164.202,3:icmp:-,161.74
192.168.23.89,106.53.2.215,3:icmp:-,161.673
192.168.23.89,190.171.133.10,3:icmp:-,161.446
192.168.23.89,42.200.78.78,3:icmp:-,161.326
192.168.23.89,182.254.149.130,3:icmp:-,160.803
192.168.23.89,119.27.189.65,3:icmp:-,160.252
192.168.23.89,49.228.165.207,3:icmp:-,160.133
192.168.23.89,131.153.51.123,3:icmp:-,159.834
192.168.23.89,81.70.105.82,3:icmp:-,159.168
192.168.23.89,106.110.198.25,3:icmp:-,159.056
192.168.23.89,192.241.209.46,3:icmp:-,159.013
192.168.23.89,112.64.67.36,3:icmp:-,158.805
192.168.23.89,117.50.84.153,3:icmp:-,158.276
192.168.23.89,157.230.35.44,3:icmp:-,158.009
192.168.23.89,51.178.17.63,3:icmp:-,157.926
192.168.23.89,197.5.145.69,3:icmp:-,157.6
192.168.23.89,139.59.169.103,3:icmp:-,157.242
192.168.23.89,103.124.95.136,3:icmp:-,157.235
192.168.23.89,42.193.103.166,3:icmp:-,157.214
192.168.23.89,198.144.120.177,3:icmp:-,157.187
192.168.23.89,104.131.172.37,3:icmp:-,157.031
192.168.23.89,49.232.16.47,3:icmp:-,156.665
192.168.23.89,42.192.132.127,3:icmp:-,156.604
192.168.23.89,41.221.168.167,3:icmp:-,156.464
192.168.23.89,88.157.229.58,3:icmp:-,156.339
192.168.23.89,222.252.30.29,3:icmp:-,156.3
192.168.23.89,152.32.226.205,3:icmp:-,156.203
81.161.63.251,192.168.23.89,22:tcp:ssh 22:tcp:-,156.178
192.168.23.89,104.248.79.138,3:icmp:-,156.145
192.168.23.89,27.128.236.189,3:icmp:-,156.136
192.168.23.89,91.220.163.130,3:icmp:-,155.971
192.168.23.89,203.159.80.103,3:icmp:-,155.866
192.168.23.89,50.115.168.140,3:icmp:-,155.813
192.168.23.89,113.200.156.180,3:icmp:-,155.806
192.168.23.89,171.25.193.20,3:icmp:-,155.776
192.168.23.89,51.83.228.144,3:icmp:-,155.704
192.168.23.89,61.155.209.51,3:icmp:-,155.638
192.168.23.89,162.247.74.206,3:icmp:-,155.635
192.168.23.89,51.79.146.10,3:icmp:-,155.498
192.168.23.89,190.89.144.18,3:icmp:-,155.459
192.168.23.89,129.211.74.252,3:icmp:-,155.385
192.168.23.89,159.65.207.89,3:icmp:-,155.312
192.168.23.89,162.247.74.200,3:icmp:-,155.288
192.168.23.89,101.32.116.215,3:icmp:-,155.238
192.168.23.89,81.71.119.159,3:icmp:-,155.225
192.168.23.89,103.208.218.150,3:icmp:-,155.152
192.168.23.89,210.178.94.227,3:icmp:-,155.134
192.168.23.89,162.247.74.201,3:icmp:-,155.093
192.168.23.89,101.89.143.15,3:icmp:-,154.927
192.168.23.89,68.183.135.222,3:icmp:-,154.866
192.168.23.89,51.68.44.154,3:icmp:-,154.865
192.168.23.89,140.249.222.242,3:icmp:-,154.797
192.168.23.89,103.226.250.169,3:icmp:-,154.274
192.168.23.89,183.62.167.10,3:icmp:-,154.031
192.168.23.89,106.75.70.231,3:icmp:-,153.906
192.168.23.89,173.242.116.219,3:icmp:-,153.824
192.168.23.89,162.247.74.7,3:icmp:-,153.773
192.168.23.89,124.156.107.201,3:icmp:-,153.261
192.168.23.89,157.230.128.135,3:icmp:-,153.185
81.70.222.231,192.168.23.89,22:tcp:- 22:tcp:ssh,152.888
192.168.23.89,170.106.5.200,3:icmp:-,152.809
192.168.23.89,94.2.19.101,3:icmp:-,152.183
121.4.111.232,192.168.23.89,22:tcp:- 22:tcp:ssh,151.931
192.168.23.89,95.79.45.205,3:icmp:-,151.905
192.168.23.89,101.36.110.215,3:icmp:-,151.85
192.168.23.89,45.149.77.27,3:icmp:-,151.645
192.168.23.89,140.143.22.129,3:icmp:-,151.585
192.168.23.89,119.45.177.219,3:icmp:-,151.582
192.168.23.89,91.121.91.82,3:icmp:-,151.493
192.168.23.89,188.166.210.204,3:icmp:-,151.368
192.168.23.89,46.101.0.212,3:icmp:-,151.298
192.168.23.89,178.128.217.58,3:icmp:-,151.275
192.168.23.89,222.99.52.216,3:icmp:-,151.117
192.168.23.89,124.239.153.215,3:icmp:-,150.968
192.168.23.89,218.29.196.186,3:icmp:-,150.865
192.168.23.89,106.12.136.154,3:icmp:-,150.802
192.168.23.89,91.205.128.170,3:icmp:-,150.793
192.168.23.89,188.166.6.130,3:icmp:-,150.741
192.168.23.89,106.75.249.8,3:icmp:-,150.593
192.168.23.89,42.193.3.168,3:icmp:-,150.572
192.168.23.89,81.70.32.28,3:icmp:-,150.433
192.168.23.89,80.249.84.99,3:icmp:-,150.406
109.41.66.217,192.168.23.89,53:udp:dns,150.349
192.168.23.89,189.139.90.117,3:icmp:-,150.329
192.168.23.89,64.235.33.71,3:icmp:-,150.237
159.135.237.157,192.168.23.89,25:tcp:- 25:tcp:smtp,150.146
192.168.23.89,45.55.134.210,3:icmp:-,150.06
192.168.23.89,134.175.19.39,3:icmp:-,150.046
104.153.105.82,192.168.23.89,80:tcp:- 443:tcp:- 53:udp:dns,149.911
192.168.23.89,184.18.211.199,3:icmp:-,149.745
192.168.23.89,209.141.39.242,3:icmp:-,149.301
192.168.23.89,106.12.205.149,3:icmp:-,149.283
192.168.23.89,106.55.148.138,3:icmp:-,149.239
192.168.23.89,130.61.255.187,3:icmp:-,149.199
192.168.23.89,85.24.194.41,3:icmp:-,149.026
192.168.23.89,212.33.250.241,3:icmp:-,148.574
192.168.23.89,45.240.88.174,3:icmp:-,148.401
192.168.23.89,198.199.68.76,3:icmp:-,148.392
192.168.23.89,23.90.163.70,3:icmp:-,148.052
192.168.23.89,116.232.58.154,3:icmp:-,147.835
192.168.23.89,162.247.74.213,3:icmp:-,147.585
192.168.23.89,86.105.212.78,3:icmp:-,147.511
192.168.23.89,139.59.67.82,3:icmp:-,147.504
192.168.23.89,222.64.226.66,3:icmp:-,147.289
192.168.23.89,170.106.11.119,3:icmp:-,147.158
192.168.23.89,121.4.89.155,3:icmp:-,147.127
81.68.216.53,192.168.23.89,22:tcp:- 22:tcp:ssh,146.869
192.168.23.89,81.70.92.101,3:icmp:-,145.946
192.168.23.89,209.97.158.127,3:icmp:-,145.91
192.168.23.89,49.51.186.79,3:icmp:-,145.724
192.168.23.89,54.38.53.84,3:icmp:-,145.605
192.168.23.89,167.99.246.94,3:icmp:-,145.483
192.168.23.89,64.227.50.225,3:icmp:-,145.185
192.168.23.89,174.138.49.199,3:icmp:-,145.062
192.168.23.89,157.230.109.64,3:icmp:-,145.056
192.168.23.89,61.244.80.223,3:icmp:-,145.012
192.168.23.89,111.231.116.149,3:icmp:-,144.926
192.168.23.89,206.189.18.40,3:icmp:-,144.926
192.168.23.89,179.43.151.219,3:icmp:-,144.873
192.168.23.89,149.56.44.101,3:icmp:-,144.706
192.168.23.89,121.4.44.86,3:icmp:-,144.651
192.168.23.89,188.166.4.178,3:icmp:-,144.606
192.168.23.89,86.185.169.132,3:icmp:-,144.447
192.168.23.89,193.112.127.245,3:icmp:-,144.405
192.168.23.89,42.194.146.17,3:icmp:-,144.328
192.168.23.89,190.98.203.195,3:icmp:-,144.294
192.168.23.89,119.45.175.143,3:icmp:-,144.185
192.168.23.89,207.244.230.12,3:icmp:-,144.163
192.168.23.89,161.35.53.202,3:icmp:-,144.11
192.168.23.89,213.158.29.179,3:icmp:-,144.096
192.168.23.89,103.219.112.63,3:icmp:-,143.91
192.168.23.89,106.124.139.161,3:icmp:-,143.765
192.168.23.89,49.232.212.5,3:icmp:-,143.669
192.168.23.89,121.4.81.49,3:icmp:-,143.458
192.168.23.89,51.195.101.173,3:icmp:-,143.377
192.168.23.89,167.172.145.53,3:icmp:-,142.96
192.168.23.89,164.90.198.71,3:icmp:-,142.947
192.168.23.89,209.97.145.173,3:icmp:-,142.868
192.168.23.89,222.127.97.91,3:icmp:-,142.822
192.168.23.89,49.232.31.85,3:icmp:-,142.692
192.168.23.89,51.91.110.51,3:icmp:-,142.632
192.168.23.89,164.132.56.243,3:icmp:-,142.42
192.168.23.89,68.183.108.46,3:icmp:-,142.046
192.168.23.89,138.197.163.247,3:icmp:-,141.799
192.168.23.89,103.136.40.18,3:icmp:-,141.51
192.168.23.89,51.38.51.198,3:icmp:-,141.395
192.168.23.89,54.37.143.192,3:icmp:-,141.324
192.168.23.89,151.80.149.223,3:icmp:-,141.193
69.72.38.32,192.168.23.89,25:tcp:- 25:tcp:smtp,140.572
192.168.23.89,174.138.40.185,3:icmp:-,140.54
192.168.23.89,82.65.143.234,3:icmp:-,140.412
192.168.23.89,45.55.222.162,3:icmp:-,140.373
192.168.23.89,222.168.18.227,3:icmp:-,140.334
192.168.23.89,101.32.204.215,3:icmp:-,140.284
192.168.23.89,157.245.39.243,3:icmp:-,140.169
192.168.23.89,111.229.237.32,3:icmp:-,139.858
192.168.23.89,101.36.127.150,3:icmp:-,139.625
192.168.23.89,167.71.139.119,3:icmp:-,139.457
192.168.23.89,113.31.152.52,3:icmp:-,139.409
192.168.23.89,123.30.149.34,3:icmp:-,139.359
192.168.23.89,212.83.144.11,3:icmp:-,139.208
192.168.23.89,51.38.188.63,3:icmp:-,139.138
192.168.23.89,96.69.13.140,3:icmp:-,138.765
192.168.23.89,134.209.41.198,3:icmp:-,138.713
192.168.23.89,91.185.40.251,3:icmp:-,138.633
192.168.23.89,200.71.154.142,3:icmp:-,138.615
152.136.133.117,192.168.23.89,22:tcp:- 22:tcp:ssh,138.577
192.168.23.89,2.45.185.2,3:icmp:-,138.019
206.189.140.87,192.168.23.89,25:tcp:- 53:udp:dns 25:tcp:smtp,137.767
94.232.46.234,192.168.23.89,53:tcp:- 443:tcp:- 80:tcp:- 22:tcp:-,137.512
192.168.23.89,93.48.88.51,3:icmp:-,137.475
192.168.23.89,161.35.138.131,3:icmp:-,137.416
192.168.23.89,101.33.32.54,3:icmp:-,137.243
192.168.23.89,142.93.132.110,3:icmp:-,137.097
192.168.23.89,179.97.86.254,3:icmp:-,136.993
192.168.23.89,154.8.224.155,3:icmp:-,136.984
192.168.23.89,201.151.6.30,3:icmp:-,136.97
192.168.23.89,112.78.188.194,3:icmp:-,136.829
192.168.23.89,46.101.94.61,3:icmp:-,136.739
69.72.40.201,192.168.23.89,25:tcp:- 25:tcp:smtp,136.494
192.168.23.89,134.209.194.232,3:icmp:-,136.462
192.168.23.89,83.48.101.184,3:icmp:-,136.333
192.168.23.89,118.24.134.15,3:icmp:-,136.034
192.168.23.89,147.135.133.88,3:icmp:-,135.911
192.168.23.89,71.206.158.143,3:icmp:-,135.738
192.168.23.89,81.70.197.160,3:icmp:-,135.467
192.168.23.89,129.226.76.90,3:icmp:-,135.031
192.168.23.89,205.185.121.222,3:icmp:-,134.366
192.168.23.89,49.235.231.187,3:icmp:-,134.027
192.168.23.89,89.17.133.240,3:icmp:-,134.026
192.168.23.89,123.31.41.13,3:icmp:-,133.914
192.168.23.89,157.245.4.113,3:icmp:-,133.747
192.168.23.89,154.117.154.86,3:icmp:-,133.446
192.168.23.89,119.45.60.62,3:icmp:-,133.441
192.168.23.89,200.195.136.12,3:icmp:-,133.144
192.168.23.89,129.28.162.79,3:icmp:-,133.119
192.168.23.89,167.172.156.12,3:icmp:-,132.647
192.168.23.89,139.155.2.6,3:icmp:-,132.563
192.168.23.89,46.101.194.220,3:icmp:-,132.549
192.168.23.89,111.229.158.93,3:icmp:-,132.231
192.168.23.89,111.19.157.70,3:icmp:-,131.632
192.168.23.89,114.113.237.67,3:icmp:-,131.362
192.168.23.89,34.68.113.34,3:icmp:-,131.269
192.168.23.89,129.28.189.53,3:icmp:-,130.994
192.168.23.89,51.68.224.53,3:icmp:-,130.64
192.168.23.89,104.131.39.238,3:icmp:-,130.196
192.168.23.89,202.104.112.217,3:icmp:-,130.07
192.168.23.89,118.24.63.96,3:icmp:-,130.023
192.168.23.89,68.183.117.96,3:icmp:-,129.911
192.168.23.89,95.85.34.53,3:icmp:-,129.617
192.168.23.89,106.55.58.118,3:icmp:-,129.606
192.168.23.89,92.119.157.30,3:icmp:-,129.589
192.168.23.89,106.52.106.170,3:icmp:-,129.53
192.168.23.89,128.199.123.0,3:icmp:-,129.507
192.168.23.89,118.89.160.141,3:icmp:-,129.449
192.168.23.89,175.6.76.71,3:icmp:-,129.443
192.168.23.89,120.202.27.64,3:icmp:-,129.425
192.168.23.89,160.153.234.236,3:icmp:-,129.424
192.168.23.89,178.128.248.121,3:icmp:-,129.313
192.168.23.89,111.231.164.168,3:icmp:-,129.174
192.168.23.89,81.70.218.215,3:icmp:-,128.695
192.168.23.89,183.136.223.226,3:icmp:-,128.459
192.168.23.89,114.79.177.138,3:icmp:-,128.335
192.168.23.89,128.199.102.242,3:icmp:-,128.19
192.99.6.226,192.168.23.89,80:tcp:- 53:udp:dns 80:tcp:http 443:tcp:ssl 443:tcp:-,128.111
192.168.23.89,106.13.105.97,3:icmp:-,128.098
192.168.23.89,78.128.113.131,17266:tcp:- 18676:tcp:- 3:icmp:-,128.081
192.168.23.89,148.70.38.183,3:icmp:-,127.866
192.168.23.89,113.65.231.40,3:icmp:-,127.647
192.168.23.89,118.24.255.210,3:icmp:-,127.446
192.168.23.89,41.226.25.4,3:icmp:-,127.248
192.168.23.89,64.64.227.224,3:icmp:-,127.197
192.168.23.89,36.91.119.221,3:icmp:-,126.402
192.168.23.89,157.245.95.210,3:icmp:-,126.036
192.168.23.89,120.92.166.166,3:icmp:-,125.946
192.168.23.89,58.221.62.221,3:icmp:-,125.881
159.135.237.55,192.168.23.89,25:tcp:- 25:tcp:smtp,125.823
192.168.23.89,190.12.66.27,3:icmp:-,125.772
192.168.23.89,154.8.151.45,3:icmp:-,125.397
192.168.23.89,42.192.219.234,3:icmp:-,125.314
192.168.23.89,150.138.118.252,3:icmp:-,124.903
133.203.195.32,192.168.23.89,53:udp:dns,124.796
192.168.23.89,218.18.101.84,3:icmp:-,124.593
171.235.85.248,192.168.23.89,22:tcp:-,124.512
192.168.23.89,62.234.178.25,3:icmp:-,124.333
192.168.23.89,128.199.121.144,3:icmp:-,124.324
159.135.233.158,192.168.23.89,25:tcp:- 25:tcp:smtp,124.316
192.168.23.89,47.254.238.145,3:icmp:-,124.189
192.168.23.89,119.45.137.244,3:icmp:-,123.983
192.168.23.89,106.54.72.65,3:icmp:-,123.79
192.168.23.89,106.53.103.194,3:icmp:-,123.583
192.168.23.89,119.29.91.228,3:icmp:-,123.575
192.168.23.89,180.76.235.75,3:icmp:-,123.562
192.168.23.89,49.233.63.23,3:icmp:-,123.377
192.168.23.89,140.206.157.242,3:icmp:-,123.341
192.168.23.89,119.29.14.139,3:icmp:-,123.131
192.168.23.89,182.75.115.59,3:icmp:-,123.028
192.168.23.89,89.108.87.179,3:icmp:-,122.985
192.168.23.89,49.85.81.131,3:icmp:-,122.818
205.185.125.54,192.168.23.89,22:tcp:-,122.719
192.168.23.89,42.194.128.243,3:icmp:-,122.689
192.168.23.89,201.48.246.26,3:icmp:-,122.346
192.168.23.89,140.143.206.191,3:icmp:-,122.045
192.168.23.89,106.54.101.141,3:icmp:-,121.8
192.168.23.89,187.189.175.4,3:icmp:-,121.731
192.99.101.79,192.168.23.89,80:tcp:- 80:tcp:http,121.66
192.168.23.89,139.217.233.143,3:icmp:-,120.99
128.199.146.137,192.168.23.89,22:tcp:ssh 22:tcp:-,120.904
192.168.23.89,194.116.236.52,3:icmp:-,120.852
192.168.23.89,159.75.111.20,3:icmp:-,120.635
192.168.23.89,167.71.16.200,3:icmp:-,120.32
192.168.23.89,49.233.34.7,3:icmp:-,120.242
192.168.23.89,45.93.201.193,3:icmp:-,120.212
92.118.160.61,192.168.23.89,443:tcp:ssl 80:tcp:- 443:tcp:- 53:udp:dns,120.207
192.168.23.89,195.54.160.171,3:icmp:-,120.001
192.168.23.89,195.54.160.250,3:icmp:-,120.001
192.168.23.89,122.52.107.94,3:icmp:-,120.001
192.168.23.89,221.131.165.124,3:icmp:-,119.997
192.168.23.89,45.93.201.115,3:icmp:-,119.994
192.168.23.89,49.235.41.58,3:icmp:-,119.978
192.168.23.89,106.53.232.38,3:icmp:-,119.96
192.168.23.89,174.138.24.42,3:icmp:-,119.945
192.168.23.89,140.143.56.61,3:icmp:-,119.9
3.235.83.190,192.168.23.89,53:udp:dns,119.849
192.168.23.89,185.220.102.252,3:icmp:-,119.821
192.168.23.89,115.159.56.151,3:icmp:-,119.139
192.168.23.89,148.204.172.49,3:icmp:-,119.109
192.168.23.89,120.53.237.33,3:icmp:-,119.044
192.168.23.89,2.59.235.189,3:icmp:-,118.992
192.168.23.89,202.21.123.185,3:icmp:-,118.929
192.168.23.89,203.195.148.210,3:icmp:-,118.875
192.168.23.89,42.192.137.134,3:icmp:-,118.759
192.168.23.89,111.229.235.119,3:icmp:-,118.707
192.168.23.89,92.193.250.88,3:icmp:-,118.36
192.168.23.89,49.232.147.189,3:icmp:-,118.3
192.168.23.89,165.227.49.156,3:icmp:-,118.195
192.168.23.89,167.71.145.201,3:icmp:-,118.024
192.168.23.89,52.191.166.171,3:icmp:-,117.952
192.168.23.89,49.234.224.88,3:icmp:-,117.946
192.168.23.89,207.188.84.69,3:icmp:-,117.865
192.168.23.89,81.69.36.80,3:icmp:-,117.793
192.168.23.89,116.43.244.112,3:icmp:-,117.775
192.168.23.89,104.248.118.63,3:icmp:-,117.755
192.168.23.89,161.35.178.186,3:icmp:-,117.736
192.168.23.89,106.55.152.139,3:icmp:-,117.693
192.168.23.89,140.143.144.140,3:icmp:-,117.689
192.168.23.89,81.71.91.140,3:icmp:-,117.681
192.168.23.89,192.99.145.203,3:icmp:-,117.678
192.168.23.89,183.232.250.154,3:icmp:-,117.634
192.168.23.89,82.65.33.144,3:icmp:-,117.617
192.168.23.89,27.128.244.13,3:icmp:-,117.611
192.168.23.89,94.5.9.211,3:icmp:-,117.583
192.168.23.89,119.45.45.195,3:icmp:-,117.565
192.168.23.89,122.114.75.180,3:icmp:-,117.539
192.168.23.89,152.136.203.208,3:icmp:-,117.529
192.168.23.89,106.38.112.196,3:icmp:-,117.515
192.168.23.89,137.116.224.184,3:icmp:-,117.514
192.168.23.89,81.69.251.208,3:icmp:-,117.506
192.168.23.89,120.92.79.133,3:icmp:-,117.483
129.211.167.38,192.168.23.89,22:tcp:- 22:tcp:ssh,117.47
192.168.23.89,188.126.222.44,3:icmp:-,117.454
192.168.23.89,106.75.119.202,3:icmp:-,117.423
192.168.23.89,121.4.111.232,3:icmp:-,117.422
192.168.23.89,81.68.82.251,3:icmp:-,117.413
192.168.23.89,51.15.43.205,3:icmp:-,117.386
192.168.23.89,200.41.86.59,3:icmp:-,117.383
192.168.23.89,129.213.161.37,3:icmp:-,117.381
192.168.23.89,61.216.131.31,3:icmp:-,117.379
192.168.23.89,202.95.14.159,3:icmp:-,117.376
192.168.23.89,118.140.205.198,3:icmp:-,117.371
192.168.23.89,188.166.23.215,3:icmp:-,117.366
192.168.23.89,128.199.90.55,3:icmp:-,117.342
192.168.23.89,91.116.14.228,3:icmp:-,117.324
192.168.23.89,68.191.31.22,3:icmp:-,117.29
192.168.23.89,185.32.222.173,3:icmp:-,117.288
192.168.23.89,47.206.132.84,3:icmp:-,117.284
192.168.23.89,45.153.160.133,3:icmp:-,117.272
192.168.23.89,59.2.207.18,3:icmp:-,117.247
192.168.23.89,181.94.226.188,3:icmp:-,117.244
192.168.23.89,111.95.141.34,3:icmp:-,117.241
192.168.23.89,185.220.102.247,3:icmp:-,117.24
192.168.23.89,150.136.51.117,3:icmp:-,117.236
192.168.23.89,27.211.213.13,3:icmp:-,117.228
192.168.23.89,103.108.187.105,3:icmp:-,117.222
192.168.23.89,114.219.157.97,3:icmp:-,117.217
192.168.23.89,161.35.6.188,3:icmp:-,117.213
192.168.23.89,139.186.2.54,3:icmp:-,117.207
192.168.23.89,128.116.235.89,3:icmp:-,117.177
192.168.23.89,183.62.25.218,3:icmp:-,117.176
192.168.23.89,81.71.47.214,3:icmp:-,117.169
192.168.23.89,185.220.101.201,3:icmp:-,117.162
192.168.23.89,180.95.183.214,3:icmp:-,117.158
192.168.23.89,110.144.40.151,3:icmp:-,117.156
192.168.23.89,213.6.203.226,3:icmp:-,117.147
192.168.23.89,51.83.68.203,3:icmp:-,117.144
192.168.23.89,111.207.182.2,3:icmp:-,117.142
192.168.23.89,134.175.236.132,3:icmp:-,117.139
192.168.23.89,129.211.119.202,3:icmp:-,117.138
192.168.23.89,178.39.218.49,3:icmp:-,117.135
192.168.23.89,199.76.38.123,3:icmp:-,117.115
192.168.23.89,45.227.254.10,3:icmp:-,117.091
192.168.23.89,157.230.210.84,3:icmp:-,117.083
192.168.23.89,119.45.178.210,3:icmp:-,117.077
192.168.23.89,159.75.102.96,3:icmp:-,117.071
192.168.23.89,165.232.111.17,3:icmp:-,117.068
192.168.23.89,78.201.146.79,3:icmp:-,117.064
192.168.23.89,177.69.237.60,3:icmp:-,117.061
192.168.23.89,42.157.3.138,3:icmp:-,117.059
192.168.23.89,118.70.233.206,3:icmp:-,117.054
192.168.23.89,106.75.141.22,3:icmp:-,117.037
192.168.23.89,54.36.241.161,3:icmp:-,117.02
192.168.23.89,107.172.248.144,3:icmp:-,117.019
192.168.23.89,42.194.177.22,3:icmp:-,117.018
192.168.23.89,190.202.147.253,3:icmp:-,117.013
192.168.23.89,109.232.109.58,3:icmp:-,116.998
192.168.23.89,164.132.157.32,3:icmp:-,116.991
192.168.23.89,181.188.134.133,3:icmp:-,116.987
192.168.23.89,222.105.42.227,3:icmp:-,116.983
192.168.23.89,202.77.105.98,3:icmp:-,116.973
192.168.23.89,101.231.146.36,3:icmp:-,116.969
192.168.23.89,152.136.252.134,3:icmp:-,116.969
192.168.23.89,152.136.133.117,3:icmp:-,116.949
192.168.23.89,106.55.155.167,3:icmp:-,116.948
192.168.23.89,192.241.169.184,3:icmp:-,116.942
192.168.23.89,103.131.189.53,3:icmp:-,116.942
192.168.23.89,128.199.146.137,3:icmp:-,116.936
192.168.23.89,81.4.110.236,3:icmp:-,116.925
192.168.23.89,120.53.223.202,3:icmp:-,116.916
192.168.23.89,222.222.31.70,3:icmp:-,116.901
192.168.23.89,81.68.243.13,3:icmp:-,116.896
192.168.23.89,159.89.47.106,3:icmp:-,116.886
192.168.23.89,175.24.119.184,3:icmp:-,116.884
192.168.23.89,193.112.58.246,3:icmp:-,116.883
192.168.23.89,36.155.9.139,3:icmp:-,116.881
192.168.23.89,203.93.19.36,3:icmp:-,116.88
192.168.23.89,115.22.82.128,3:icmp:-,116.88
192.168.23.89,82.64.190.189,3:icmp:-,116.856
192.168.23.89,150.158.163.228,3:icmp:-,116.853
192.168.23.89,185.220.102.251,3:icmp:-,116.829
192.168.23.89,121.5.60.195,3:icmp:-,116.807
192.168.23.89,103.41.106.197,3:icmp:-,116.794
192.168.23.89,107.172.122.102,3:icmp:-,116.791
192.168.23.89,110.175.128.62,3:icmp:-,116.784
192.168.23.89,118.27.103.147,3:icmp:-,116.782
192.168.23.89,61.177.125.242,3:icmp:-,116.762
192.168.23.89,178.62.214.52,3:icmp:-,116.757
192.168.23.89,88.122.140.238,3:icmp:-,116.751
192.168.23.89,20.65.160.209,3:icmp:-,116.746
192.168.23.89,221.181.185.19,3:icmp:-,116.715
192.168.23.89,68.55.218.198,3:icmp:-,116.694
192.168.23.89,134.209.93.51,3:icmp:-,116.689
192.168.23.89,222.187.232.213,3:icmp:-,116.688
192.168.23.89,103.106.250.25,3:icmp:-,116.666
192.168.23.89,200.116.188.62,3:icmp:-,116.662
192.168.23.89,157.245.130.255,3:icmp:-,116.659
192.168.23.89,187.18.108.73,3:icmp:-,116.656
192.168.23.89,60.221.50.58,3:icmp:-,116.646
192.168.23.89,221.181.185.237,3:icmp:-,116.638
192.168.23.89,81.71.3.99,3:icmp:-,116.633
192.168.23.89,221.181.185.29,3:icmp:-,116.616
192.168.23.89,45.189.12.186,3:icmp:-,116.604
192.168.23.89,222.187.239.31,3:icmp:-,116.596
192.168.23.89,49.233.160.217,3:icmp:-,116.595
192.168.23.89,221.181.185.140,3:icmp:-,116.587
192.168.23.89,179.216.180.76,3:icmp:-,116.587
192.168.23.89,221.181.185.135,3:icmp:-,116.544
192.168.23.89,177.43.249.42,3:icmp:-,116.537
192.168.23.89,221.181.185.143,3:icmp:-,116.511
192.168.23.89,222.187.222.55,3:icmp:-,116.483
192.168.23.89,141.98.80.89,3:icmp:-,116.479
192.168.23.89,178.33.67.12,3:icmp:-,116.478
192.168.23.89,106.53.239.130,3:icmp:-,116.46
192.168.23.89,222.187.232.205,3:icmp:-,116.453
192.168.23.89,107.170.99.119,3:icmp:-,116.453
192.168.23.89,119.45.34.52,3:icmp:-,116.448
81.71.47.214,192.168.23.89,22:tcp:- 22:tcp:ssh,116.448
192.168.23.89,221.131.165.86,3:icmp:-,116.418
192.168.23.89,188.131.163.236,3:icmp:-,116.416
192.168.23.89,123.207.206.232,3:icmp:-,116.406
192.168.23.89,132.232.88.59,3:icmp:-,116.379
192.168.23.89,85.247.0.210,3:icmp:-,116.368
192.168.23.89,42.192.123.234,3:icmp:-,116.366
192.168.23.89,112.196.74.82,3:icmp:-,116.342
192.168.23.89,182.72.235.174,3:icmp:-,116.327
192.168.23.89,161.35.118.14,3:icmp:-,116.326
192.168.23.89,14.98.82.230,3:icmp:-,116.32
192.168.23.89,221.181.185.148,3:icmp:-,116.298
192.168.23.89,116.228.233.91,3:icmp:-,116.297
192.168.23.89,42.194.218.74,3:icmp:-,116.281
192.168.23.89,141.98.80.69,3:icmp:-,116.28
192.168.23.89,102.223.73.187,3:icmp:-,116.28
192.168.23.89,62.234.118.5,3:icmp:-,116.278
192.168.23.89,81.70.205.107,3:icmp:-,116.242
192.168.23.89,115.159.158.72,3:icmp:-,116.237
192.168.23.89,185.220.101.198,3:icmp:-,116.232
192.168.23.89,103.4.217.138,3:icmp:-,116.219
192.168.23.89,185.220.102.249,3:icmp:-,116.216
192.168.23.89,81.68.132.197,3:icmp:-,116.214
192.168.23.89,89.17.54.18,3:icmp:-,116.2
192.168.23.89,89.252.16.9,3:icmp:-,116.2
192.168.23.89,176.103.175.195,3:icmp:-,116.196
192.168.23.89,221.181.185.223,3:icmp:-,116.187
192.168.23.89,49.233.79.152,3:icmp:-,116.185
192.168.23.89,134.209.159.154,3:icmp:-,116.161
192.168.23.89,124.239.148.87,3:icmp:-,116.158
192.168.23.89,150.158.161.245,3:icmp:-,116.155
192.168.23.89,198.96.155.3,3:icmp:-,116.136
192.168.23.89,118.212.146.30,3:icmp:-,116.124
192.168.23.89,212.64.102.106,3:icmp:-,116.122
192.168.23.89,221.181.185.150,3:icmp:-,116.108
192.168.23.89,185.220.101.208,3:icmp:-,116.081
192.168.23.89,81.69.25.239,3:icmp:-,116.079
192.168.23.89,180.215.194.20,3:icmp:-,116.068
192.168.23.89,139.59.27.92,3:icmp:-,116.057
192.168.23.89,121.241.244.92,3:icmp:-,116.031
192.168.23.89,117.50.60.36,3:icmp:-,116.028
192.168.23.89,185.130.44.108,3:icmp:-,116.027
192.168.23.89,93.70.196.158,3:icmp:-,116.022
192.168.23.89,123.206.90.149,3:icmp:-,116.015
192.168.23.89,106.54.90.19,3:icmp:-,115.99
192.168.23.89,159.203.173.26,3:icmp:-,115.984
192.168.23.89,222.187.238.87,3:icmp:-,115.974
192.168.23.89,49.232.174.152,3:icmp:-,115.971
192.168.23.89,183.82.34.250,3:icmp:-,115.942
192.168.23.89,59.92.182.104,3:icmp:-,115.931
192.168.23.89,81.70.222.231,3:icmp:-,115.922
192.168.23.89,178.27.84.170,3:icmp:-,115.911
192.168.23.89,185.146.157.59,3:icmp:-,115.91
192.168.23.89,185.220.102.244,3:icmp:-,115.905
192.168.23.89,81.68.234.113,3:icmp:-,115.899
192.168.23.89,220.164.250.31,3:icmp:-,115.891
192.168.23.89,185.216.32.130,3:icmp:-,115.874
192.168.23.89,152.32.133.119,3:icmp:-,115.862
192.168.23.89,182.61.43.33,3:icmp:-,115.861
122.114.75.180,192.168.23.89,22:tcp:- 22:tcp:ssh,115.848
192.168.23.89,42.193.185.126,3:icmp:-,115.846
192.168.23.89,140.238.166.73,3:icmp:-,115.842
192.168.23.89,152.136.226.15,3:icmp:-,115.813
192.168.23.89,221.181.185.198,3:icmp:-,115.778
192.168.23.89,49.234.100.169,3:icmp:-,115.761
192.168.23.89,162.243.166.183,3:icmp:-,115.752
192.168.23.89,221.181.185.141,3:icmp:-,115.711
192.168.23.89,134.175.111.215,3:icmp:-,115.702
192.168.23.89,125.46.81.106,3:icmp:-,115.695
192.168.23.89,221.181.185.220,3:icmp:-,115.685
192.168.23.89,118.24.121.227,3:icmp:-,115.662
192.168.23.89,210.212.29.215,3:icmp:-,115.653
192.168.23.89,121.15.7.26,3:icmp:-,115.629
192.168.23.89,178.62.119.91,3:icmp:-,115.612
192.168.23.89,61.174.9.146,3:icmp:-,115.61
192.168.23.89,102.164.61.237,3:icmp:-,115.572
66.246.224.12,192.168.23.89,443:tcp:- 443:tcp:ssl,115.542
192.168.23.89,106.124.142.64,3:icmp:-,115.52
192.168.23.89,129.211.167.38,3:icmp:-,115.502
192.168.23.89,160.124.49.248,3:icmp:-,115.494
192.168.23.89,49.85.184.162,3:icmp:-,115.457
192.168.23.89,191.33.142.25,3:icmp:-,115.442
192.168.23.89,202.4.42.154,3:icmp:-,115.424
192.168.23.89,118.25.125.187,3:icmp:-,115.353
81.161.63.253,192.168.23.89,22:tcp:-,115.343
192.168.23.89,188.166.43.209,3:icmp:-,115.316
192.168.23.89,119.45.215.155,3:icmp:-,115.307
192.168.23.89,114.103.137.208,3:icmp:-,115.302
192.168.23.89,45.157.120.150,3:icmp:-,115.282
192.168.23.89,45.55.189.252,3:icmp:-,115.261
192.168.23.89,180.108.224.71,3:icmp:-,115.259
192.168.23.89,119.28.90.223,3:icmp:-,115.234
192.168.23.89,27.128.173.81,3:icmp:-,115.229
192.168.23.89,125.60.148.184,3:icmp:-,115.199
192.168.23.89,141.98.80.29,3:icmp:-,115.171
192.168.23.89,178.216.249.136,3:icmp:-,115.162
192.168.23.89,141.98.80.82,3:icmp:-,115.143
195.54.160.171,192.168.23.89,22:tcp:- 22:tcp:ssh,115.134
195.54.160.250,192.168.23.89,22:tcp:- 22:tcp:ssh,115.131
192.168.23.89,3.137.156.150,3:icmp:-,115.124
45.93.201.193,192.168.23.89,22:tcp:- 22:tcp:ssh,115.107
192.168.23.89,104.211.164.221,3:icmp:-,115.1
192.168.23.89,106.75.61.147,3:icmp:-,115.097
192.168.23.89,81.68.193.31,3:icmp:-,115.061
192.168.23.89,118.25.63.170,3:icmp:-,115.055
101.89.213.84,192.168.23.89,22:tcp:ssh 22:tcp:-,115.034
192.168.23.89,150.136.21.93,3:icmp:-,115.011
192.168.23.89,103.129.197.185,3:icmp:-,114.997
192.168.23.89,60.173.132.42,3:icmp:-,114.994
192.168.23.89,42.194.198.187,3:icmp:-,114.938
192.168.23.89,178.62.253.153,3:icmp:-,114.933
192.168.23.89,221.131.165.23,3:icmp:-,114.92
192.168.23.89,91.250.242.12,3:icmp:-,114.897
192.168.23.89,180.76.160.46,3:icmp:-,114.836
192.168.23.89,221.181.185.151,3:icmp:-,114.815
192.168.23.89,194.5.178.148,3:icmp:-,114.808
45.93.201.115,192.168.23.89,22:tcp:ssh 22:tcp:-,114.8
119.29.91.228,192.168.23.89,22:tcp:- 22:tcp:ssh,114.787
192.168.23.89,67.205.187.133,3:icmp:-,114.773
192.168.23.89,144.34.226.207,3:icmp:-,114.603
192.168.23.89,103.55.62.78,3:icmp:-,114.601
192.168.23.89,79.129.29.237,3:icmp:-,114.594
192.168.23.89,120.48.31.123,3:icmp:-,114.589
81.161.63.103,192.168.23.89,22:tcp:-,114.488
192.168.23.89,103.149.27.65,3:icmp:-,114.477
185.206.118.62,192.168.23.89,22:tcp:- 22:tcp:ssh,114.417
192.168.23.89,161.35.222.165,3:icmp:-,114.391
192.168.23.89,81.70.42.95,3:icmp:-,114.385
192.168.23.89,217.74.172.60,3:icmp:-,114.383
192.168.23.89,67.211.208.83,3:icmp:-,114.348
192.168.23.89,115.159.157.154,3:icmp:-,114.324
192.168.23.89,91.229.249.1,3:icmp:-,114.292
192.168.23.89,42.192.95.184,3:icmp:-,114.235
192.168.23.89,183.136.221.41,3:icmp:-,114.227
192.168.23.89,49.234.68.42,3:icmp:-,114.151
81.68.193.31,192.168.23.89,22:tcp:ssh 22:tcp:-,114.111
192.168.23.89,46.146.218.79,3:icmp:-,114.072
192.168.23.89,167.172.138.255,3:icmp:-,113.98
192.168.23.89,185.206.118.62,3:icmp:-,113.849
192.168.23.89,68.183.74.239,3:icmp:-,113.7
192.168.23.89,121.4.78.77,3:icmp:-,113.64
192.168.23.89,160.124.157.76,3:icmp:-,113.463
192.168.23.89,157.230.47.57,3:icmp:-,113.394
81.70.92.101,192.168.23.89,22:tcp:- 22:tcp:ssh,113.317
192.168.23.89,141.98.80.90,3:icmp:-,113.277
192.168.23.89,174.138.6.46,3:icmp:-,113.166
192.168.23.89,165.227.134.1,3:icmp:-,112.986
192.168.23.89,62.11.176.74,3:icmp:-,112.908
192.168.23.89,106.54.84.127,3:icmp:-,112.758
192.168.23.89,74.120.170.183,3:icmp:-,112.691
120.70.98.132,192.168.23.89,22:tcp:- 22:tcp:ssh,112.608
192.168.23.89,65.49.206.125,3:icmp:-,112.297
2.196.193.181,192.168.23.89,22:tcp:- 22:tcp:ssh,112.195
192.168.23.89,95.85.33.224,3:icmp:-,112.105
96.69.13.140,192.168.23.89,22:tcp:- 22:tcp:ssh,112.096
118.89.160.141,192.168.23.89,22:tcp:ssh 22:tcp:-,112.088
192.168.23.89,176.122.129.114,3:icmp:-,112.074
180.95.183.214,192.168.23.89,22:tcp:ssh 22:tcp:-,112.054
192.168.23.89,121.4.91.59,3:icmp:-,112.026
192.168.23.89,61.177.172.104,3:icmp:-,112.015
192.168.23.89,68.183.8.215,3:icmp:-,111.897
120.33.137.113,192.168.23.89,22:tcp:- 22:tcp:ssh,111.891
192.168.23.89,121.4.115.189,3:icmp:-,111.812
192.168.23.89,104.41.34.60,3:icmp:-,111.707
167.114.116.38,192.168.23.89,443:tcp:- 80:tcp:- 443:tcp:ssl 80:tcp:http,111.662
49.235.29.185,192.168.23.89,22:tcp:ssh 22:tcp:-,111.602
211.219.18.186,192.168.23.89,22:tcp:- 22:tcp:ssh,111.441
35.220.253.166,192.168.23.89,22:tcp:- 22:tcp:ssh,111.385
106.124.131.214,192.168.23.89,22:tcp:- 22:tcp:ssh,111.307
192.168.23.89,200.115.64.39,3:icmp:-,111.277
192.168.23.89,187.74.213.175,3:icmp:-,111.251
157.131.240.195,192.168.23.89,22:tcp:- 22:tcp:ssh,111.106
190.85.94.106,192.168.23.89,22:tcp:- 22:tcp:ssh,111.099
45.119.126.59,192.168.23.89,22:tcp:- 22:tcp:ssh,111.041
64.64.227.224,192.168.23.89,22:tcp:- 22:tcp:ssh,111.019
121.241.244.92,192.168.23.89,22:tcp:- 22:tcp:ssh,110.946
61.221.64.5,192.168.23.89,22:tcp:- 22:tcp:ssh,110.934
195.29.102.42,192.168.23.89,22:tcp:- 22:tcp:ssh,110.831
51.91.111.73,192.168.23.89,22:tcp:- 22:tcp:ssh,110.781
120.92.79.133,192.168.23.89,22:tcp:ssh 22:tcp:-,110.764
192.168.23.89,150.158.165.134,3:icmp:-,110.7
201.151.6.30,192.168.23.89,22:tcp:- 22:tcp:ssh,110.629
192.168.23.89,47.188.46.34,3:icmp:-,110.582
140.143.152.200,192.168.23.89,22:tcp:-,110.538
182.254.149.130,192.168.23.89,22:tcp:- 22:tcp:ssh,110.483
164.132.56.243,192.168.23.89,22:tcp:- 22:tcp:ssh,110.48
1.220.185.149,192.168.23.89,22:tcp:- 22:tcp:ssh,110.457
202.95.14.159,192.168.23.89,22:tcp:- 22:tcp:ssh,110.41
101.231.146.36,192.168.23.89,22:tcp:ssh 22:tcp:-,110.394
114.219.157.97,192.168.23.89,22:tcp:- 22:tcp:ssh,110.381
192.168.23.89,36.74.75.31,3:icmp:-,110.317
190.210.182.179,192.168.23.89,22:tcp:- 22:tcp:ssh,110.302
116.228.233.91,192.168.23.89,22:tcp:- 22:tcp:ssh,110.266
192.168.23.89,218.92.0.175,3:icmp:-,110.238
192.168.23.89,121.4.73.38,3:icmp:-,110.227
106.12.215.238,192.168.23.89,22:tcp:ssh 22:tcp:-,110.184
103.10.87.54,192.168.23.89,22:tcp:ssh 22:tcp:-,110.09
120.92.166.166,192.168.23.89,22:tcp:- 22:tcp:ssh,110.072
124.239.148.87,192.168.23.89,22:tcp:- 22:tcp:ssh,110.07
186.101.233.58,192.168.23.89,22:tcp:- 22:tcp:ssh,109.945
118.70.233.206,192.168.23.89,22:tcp:ssh 22:tcp:-,109.874
106.75.61.147,192.168.23.89,22:tcp:- 22:tcp:ssh,109.845
123.30.149.34,192.168.23.89,22:tcp:ssh 22:tcp:-,109.75
192.168.23.89,98.122.254.143,3:icmp:-,109.693
190.171.133.10,192.168.23.89,22:tcp:- 22:tcp:ssh,109.655
123.206.90.149,192.168.23.89,22:tcp:- 22:tcp:ssh,109.55
222.168.18.227,192.168.23.89,22:tcp:- 22:tcp:ssh,109.481
106.12.205.149,192.168.23.89,22:tcp:- 22:tcp:ssh,109.417
123.127.244.100,192.168.23.89,22:tcp:- 22:tcp:ssh,109.371
189.110.163.26,192.168.23.89,22:tcp:- 22:tcp:ssh,109.339
125.5.180.84,192.168.23.89,22:tcp:- 22:tcp:ssh,109.305
192.168.23.89,138.197.157.206,3:icmp:-,109.148
192.168.23.89,182.253.119.50,3:icmp:-,109.142
36.155.9.139,192.168.23.89,22:tcp:- 22:tcp:ssh,109.111
134.175.111.215,192.168.23.89,22:tcp:- 22:tcp:ssh,109.057
192.168.23.89,23.105.214.228,3:icmp:-,108.986
139.199.4.191,192.168.23.89,22:tcp:- 22:tcp:ssh,108.935
89.108.87.179,192.168.23.89,25:tcp:- 25:tcp:smtp,108.928
192.168.23.89,60.249.214.6,3:icmp:-,108.919
61.155.209.51,192.168.23.89,22:tcp:- 22:tcp:ssh,108.818
192.168.23.89,107.170.76.170,3:icmp:-,108.709
140.249.222.242,192.168.23.89,22:tcp:- 22:tcp:ssh,108.651
65.27.130.147,192.168.23.89,53:udp:dns,108.504
49.206.121.156,192.168.23.89,22:tcp:-,108.315
103.55.62.78,192.168.23.89,22:tcp:- 22:tcp:ssh,108.308
118.24.121.227,192.168.23.89,22:tcp:- 22:tcp:ssh,108.283
192.168.23.89,120.53.21.174,3:icmp:-,108.257
118.98.96.184,192.168.23.89,22:tcp:- 22:tcp:ssh,108.223
220.164.250.31,192.168.23.89,22:tcp:- 22:tcp:ssh,108.151
118.212.146.30,192.168.23.89,22:tcp:- 22:tcp:ssh,108.052
119.45.178.210,192.168.23.89,22:tcp:- 22:tcp:ssh,107.953
61.177.125.242,192.168.23.89,22:tcp:- 22:tcp:ssh,107.885
134.209.41.198,192.168.23.89,22:tcp:- 22:tcp:ssh,107.758
192.168.23.89,118.193.32.219,3:icmp:-,107.641
192.168.23.89,51.38.88.139,3:icmp:-,107.254
106.124.142.64,192.168.23.89,22:tcp:- 22:tcp:ssh,107.225
91.229.249.1,192.168.23.89,22:tcp:- 22:tcp:ssh,107.108
106.124.139.161,192.168.23.89,22:tcp:ssh 22:tcp:-,106.871
192.168.23.89,106.54.65.139,3:icmp:-,106.065
192.168.23.89,49.235.93.192,3:icmp:-,105.92
49.232.39.21,192.168.23.89,22:tcp:- 22:tcp:ssh,105.813
183.232.250.154,192.168.23.89,22:tcp:ssh 22:tcp:-,105.153
213.32.93.192,192.168.23.89,22:tcp:- 22:tcp:ssh,105.056
152.32.226.205,192.168.23.89,22:tcp:- 22:tcp:ssh,105.019
121.5.60.195,192.168.23.89,22:tcp:- 22:tcp:ssh,104.841
192.168.23.89,87.241.1.186,3:icmp:-,104.825
144.91.125.96,192.168.23.89,443:tcp:- 80:tcp:- 443:tcp:ssl 80:tcp:http,104.815
119.45.177.219,192.168.23.89,22:tcp:- 22:tcp:ssh,104.784
159.75.43.3,192.168.23.89,22:tcp:- 22:tcp:ssh,104.768
61.174.9.146,192.168.23.89,22:tcp:- 22:tcp:ssh,104.316
81.69.25.239,192.168.23.89,22:tcp:- 22:tcp:ssh,104.194
192.168.23.89,49.206.121.156,3:icmp:-,104.006
123.58.216.197,192.168.23.89,22:tcp:- 22:tcp:ssh,103.868
49.235.37.144,192.168.23.89,22:tcp:- 22:tcp:ssh,103.858
59.148.18.42,192.168.23.89,22:tcp:- 22:tcp:ssh,103.109
192.168.23.89,211.253.133.48,3:icmp:-,102.957
144.91.70.164,192.168.23.89,22:tcp:- 22:tcp:ssh,102.909
81.68.217.130,192.168.23.89,22:tcp:ssh 22:tcp:-,102.889
192.168.23.89,187.134.225.122,3:icmp:-,102.882
115.159.157.154,192.168.23.89,22:tcp:- 22:tcp:ssh,102.831
141.98.80.85,192.168.23.89,22:tcp:- 22:tcp:ssh,102.686
101.36.127.150,192.168.23.89,22:tcp:- 22:tcp:ssh,102.529
192.168.23.89,141.98.80.91,3:icmp:-,102.342
119.45.177.140,192.168.23.89,22:tcp:ssh 22:tcp:-,102.336
49.233.77.12,192.168.23.89,22:tcp:- 22:tcp:ssh,102.289
192.168.23.89,218.92.0.184,3:icmp:-,102.275
175.24.185.31,192.168.23.89,22:tcp:- 22:tcp:ssh,102.111
51.38.162.232,192.168.23.89,22:tcp:- 22:tcp:ssh,102.003
118.25.63.170,192.168.23.89,22:tcp:- 22:tcp:ssh,102.001
81.68.243.13,192.168.23.89,22:tcp:- 22:tcp:ssh,101.689
111.231.54.33,192.168.23.89,22:tcp:- 22:tcp:ssh,101.38
119.45.215.155,192.168.23.89,22:tcp:- 22:tcp:ssh,101.066
210.178.94.227,192.168.23.89,22:tcp:ssh 22:tcp:-,101.029
121.4.91.59,192.168.23.89,22:tcp:- 22:tcp:ssh,101.019
5.9.88.113,192.168.23.89,443:tcp:- 80:tcp:- 443:tcp:ssl 80:tcp:http,100.943
192.168.23.89,202.6.225.42,3:icmp:-,100.846
203.195.207.85,192.168.23.89,22:tcp:- 22:tcp:ssh,100.733
111.229.237.32,192.168.23.89,22:tcp:ssh 22:tcp:-,100.64
144.76.29.149,192.168.23.89,443:tcp:- 443:tcp:ssl,100.57
173.212.194.14,192.168.23.89,443:tcp:- 443:tcp:ssl,100.498
192.168.23.89,187.70.241.12,3:icmp:-,100.282
51.38.88.139,192.168.23.89,22:tcp:ssh 22:tcp:-,100.278
192.168.23.89,45.153.160.2,3:icmp:-,100.228
121.4.138.185,192.168.23.89,22:tcp:- 22:tcp:ssh,100.165
192.223.26.54,192.168.23.89,53:udp:dns,99.8624
74.91.122.91,192.168.23.89,53:udp:dns,99.8555
144.172.73.96,192.168.23.89,53:udp:dns,99.834
199.231.233.158,192.168.23.89,53:udp:dns,99.827
113.53.238.195,192.168.23.89,22:tcp:- 22:tcp:ssh,99.7956
111.229.235.119,192.168.23.89,22:tcp:- 22:tcp:ssh,99.7895
